ssn,age,education,marital-status,relationship,sex,income
723-72-3723,24.0,HS-grad,Never-married,Own-child,,<=50K
940-94-0940,38.0,HS-grad,Never-married,Unmarried,,
545-54-5545,22.0,Some-college,Never-married,Own-child,Female,<=50K
013-01-3013,18.0,HS-grad,Never-married,Own-child,Male,<=50K
039-03-9039,48.0,,Divorced,Not-in-family,,<=50K
157-15-7157,26.0,HS-grad,Never-married,Own-child,,
083-08-3083,31.0,Assoc-voc,,Not-in-family,Female,
768-76-8768,47.0,7th-8th,,,,<=50K
222-22-2222,41.0,,Divorced,,,<=50K
725-72-5725,23.0,Assoc-voc,Widowed,Not-in-family,Female,<=50K
111-11-1111,64.0,Some-college,Widowed,,Male,
460-46-0460,41.0,Some-college,Never-married,Own-child,Male,<=50K
996-99-6996,18.0,10th,Never-married,Own-child,,<=50K
660-66-0660,38.0,Masters,Married-civ-spouse,,Male,
585-58-5585,,,Married-civ-spouse,Husband,Male,
733-73-3733,74.0,Masters,Divorced,Husband,Female,
283-28-3283,51.0,,Married-civ-spouse,Husband,Male,
427-42-7427,42.0,Preschool,Married-civ-spouse,,Male,>50K
478-47-8478,32.0,HS-grad,Widowed,Wife,,<=50K
869-86-9869,,,Married-civ-spouse,,,<=50K
286-28-6286,,HS-grad,,,Male,
773-77-3773,56.0,Some-college,Married-civ-spouse,,Male,<=50K
238-23-8238,60.0,HS-grad,Separated,Not-in-family,Male,
657-65-7657,22.0,HS-grad,,,,
631-63-1631,42.0,Some-college,Married-civ-spouse,Husband,Male,
959-95-9959,24.0,7th-8th,,Own-child,Female,<=50K
548-54-8548,30.0,Bachelors,Married-civ-spouse,Husband,Male,
710-71-0710,22.0,Some-college,Never-married,,,
626-62-6626,17.0,HS-grad,Never-married,Own-child,,<=50K
535-53-5535,33.0,HS-grad,Divorced,Not-in-family,Female,<=50K
615-61-5615,37.0,,,Husband,Male,
814-81-4814,28.0,Assoc-acdm,Married-AF-spouse,Wife,Male,<=50K
892-89-2892,79.0,7th-8th,Never-married,Not-in-family,Female,<=50K
577-57-7577,22.0,HS-grad,Never-married,Own-child,Male,<=50K
482-48-2482,60.0,5th-6th,Married-civ-spouse,Husband,Male,
693-69-3693,36.0,,,Own-child,Female,
447-44-7447,42.0,10th,Widowed,Own-child,,<=50K
291-29-1291,30.0,Some-college,,Own-child,Male,
325-32-5325,54.0,Some-college,Divorced,,,
091-09-1091,34.0,Some-college,,Unmarried,,
547-54-7547,33.0,Masters,Divorced,Not-in-family,Female,
896-89-6896,,,,Not-in-family,Male,<=50K
888-88-8888,53.0,Masters,Divorced,Unmarried,,
070-07-0070,52.0,Doctorate,Married-civ-spouse,Husband,,
058-05-8058,72.0,HS-grad,Widowed,Unmarried,,
278-27-8278,44.0,,,Unmarried,Male,
506-50-6506,,HS-grad,Married-civ-spouse,Husband,,<=50K
367-36-7367,31.0,Preschool,,Husband,Male,>50K
247-24-7247,25.0,Bachelors,Never-married,Not-in-family,Male,
562-56-2562,33.0,HS-grad,,Not-in-family,Male,
680-68-0680,,,,Own-child,Male,<=50K
842-84-2842,24.0,Assoc-acdm,,Not-in-family,Female,<=50K
031-03-1031,40.0,HS-grad,,,Male,<=50K
705-70-5705,34.0,Some-college,Married-civ-spouse,Husband,Male,<=50K
927-92-7927,29.0,,Married-civ-spouse,Husband,,
948-94-8948,57.0,,Married-civ-spouse,Husband,,<=50K
537-53-7537,82.0,7th-8th,Never-married,Unmarried,Female,
713-71-3713,33.0,9th,Married-civ-spouse,Husband,,<=50K
696-69-6696,,,Widowed,Not-in-family,,<=50K
440-44-0440,32.0,7th-8th,Married-civ-spouse,Husband,,
712-71-2712,36.0,7th-8th,Married-civ-spouse,Husband,Male,>50K
599-59-9599,63.0,7th-8th,Married-civ-spouse,Husband,Male,
473-47-3473,46.0,Bachelors,Never-married,Unmarried,Female,
516-51-6516,43.0,Some-college,Married-civ-spouse,Husband,,<=50K
385-38-5385,26.0,,Married-civ-spouse,Husband,Male,
274-27-4274,34.0,,,Not-in-family,Male,
846-84-6846,30.0,HS-grad,Never-married,,,
881-88-1881,46.0,Some-college,Married-civ-spouse,Husband,Male,
584-58-4584,23.0,,,,Male,<=50K
952-95-2952,53.0,Some-college,Married-civ-spouse,Husband,,
033-03-3033,45.0,HS-grad,Separated,,Female,
014-01-4014,23.0,,Never-married,Not-in-family,,
650-65-0650,22.0,,Never-married,,,<=50K
322-32-2322,19.0,11th,Never-married,Own-child,Female,>50K
204-20-4204,29.0,,Married-civ-spouse,Wife,Female,
126-12-6126,45.0,,Married-civ-spouse,Husband,,
849-84-9849,47.0,Masters,Married-civ-spouse,Husband,Male,>50K
235-23-5235,43.0,,,Husband,Male,<=50K
067-06-7067,25.0,Preschool,Separated,Husband,Male,<=50K
345-34-5345,30.0,HS-grad,,Husband,,>50K
666-66-6666,45.0,Bachelors,Divorced,Not-in-family,,<=50K
346-34-6346,44.0,Assoc-acdm,Divorced,Not-in-family,Female,<=50K
077-07-7077,32.0,HS-grad,Married-civ-spouse,Husband,,
279-27-9279,34.0,Some-college,Never-married,Unmarried,Female,<=50K
166-16-6166,20.0,Some-college,Never-married,Own-child,,
966-96-6966,64.0,Bachelors,Married-civ-spouse,Husband,,>50K
687-68-7687,20.0,11th,,Own-child,Male,<=50K
889-88-9889,42.0,HS-grad,,Husband,Male,<=50K
483-48-3483,53.0,Assoc-voc,Married-AF-spouse,Own-child,Female,
503-50-3503,19.0,10th,,,,
417-41-7417,44.0,Bachelors,Never-married,Not-in-family,Male,<=50K
690-69-0690,38.0,,Never-married,Unmarried,,
151-15-1151,44.0,Bachelors,Married-civ-spouse,Husband,,>50K
943-94-3943,42.0,10th,Never-married,Unmarried,,<=50K
315-31-5315,57.0,,Married-civ-spouse,Husband,Male,>50K
608-60-8608,,,Married-civ-spouse,Husband,Male,
415-41-5415,24.0,,Never-married,Own-child,,
597-59-7597,63.0,Some-college,,Husband,,<=50K
480-48-0480,46.0,Doctorate,Married-civ-spouse,,,>50K
154-15-4154,41.0,Assoc-voc,,Husband,Male,>50K
534-53-4534,48.0,Bachelors,Never-married,Unmarried,Female,<=50K
877-87-7877,41.0,Some-college,Married-civ-spouse,Husband,Male,
964-96-4964,32.0,Bachelors,Widowed,Wife,,
983-98-3983,28.0,Bachelors,Never-married,,Female,>50K
094-09-4094,71.0,Some-college,Married-civ-spouse,Husband,,<=50K
451-45-1451,,Some-college,,Own-child,,
864-86-4864,21.0,10th,,Own-child,Male,>50K
669-66-9669,19.0,Some-college,Never-married,Own-child,Female,<=50K
954-95-4954,22.0,10th,Married-civ-spouse,Husband,Male,<=50K
497-49-7497,59.0,,Married-civ-spouse,,Male,<=50K
558-55-8558,38.0,Some-college,,Not-in-family,Female,<=50K
823-82-3823,47.0,Some-college,,,Male,<=50K
638-63-8638,63.0,Doctorate,Married-spouse-absent,Unmarried,,<=50K
681-68-1681,25.0,,Married-civ-spouse,Husband,Male,
113-11-3113,29.0,HS-grad,Married-civ-spouse,,Male,<=50K
056-05-6056,53.0,Some-college,,Not-in-family,Female,
790-79-0790,40.0,Some-college,Divorced,,Male,<=50K
972-97-2972,24.0,,Never-married,Own-child,,<=50K
809-80-9809,39.0,,Married-civ-spouse,,,<=50K
682-68-2682,28.0,,Separated,Unmarried,Female,
635-63-5635,20.0,Bachelors,Divorced,Unmarried,Female,<=50K
249-24-9249,28.0,,Never-married,Other-relative,Female,
514-51-4514,23.0,7th-8th,Never-married,,Male,<=50K
104-10-4104,57.0,HS-grad,Divorced,Own-child,Female,<=50K
968-96-8968,,Bachelors,,Not-in-family,,<=50K
955-95-5955,23.0,Some-college,Never-married,Own-child,,
854-85-4854,49.0,Bachelors,Married-civ-spouse,Husband,Male,
686-68-6686,35.0,Bachelors,Divorced,Not-in-family,,<=50K
292-29-2292,38.0,11th,Divorced,Unmarried,,
500-50-0500,37.0,HS-grad,Married-civ-spouse,Husband,,
572-57-2572,,Prof-school,Never-married,Own-child,Male,
532-53-2532,34.0,,Divorced,Not-in-family,Male,<=50K
418-41-8418,33.0,HS-grad,Married-civ-spouse,Husband,,<=50K
004-00-4004,37.0,Masters,Married-civ-spouse,Husband,,>50K
536-53-6536,,12th,Never-married,Own-child,,<=50K
587-58-7587,90.0,Assoc-voc,Married-civ-spouse,Own-child,Male,
173-17-3173,17.0,,Never-married,Own-child,Male,
861-86-1861,35.0,,,Unmarried,Male,<=50K
366-36-6366,50.0,Prof-school,Widowed,Unmarried,,
527-52-7527,58.0,,,Not-in-family,Male,
264-26-4264,43.0,Some-college,Divorced,,,<=50K
900-90-0900,29.0,Assoc-voc,Never-married,Not-in-family,Male,
198-19-8198,35.0,11th,Never-married,Not-in-family,Male,>50K
557-55-7557,35.0,HS-grad,Never-married,,,
748-74-8748,68.0,,,,Male,
135-13-5135,51.0,,Divorced,Unmarried,,
133-13-3133,36.0,HS-grad,Married-civ-spouse,Husband,,<=50K
495-49-5495,22.0,,Never-married,,,<=50K
956-95-6956,62.0,1st-4th,Married-spouse-absent,Unmarried,Male,<=50K
256-25-6256,,,Never-married,,,<=50K
935-93-5935,56.0,Bachelors,Married-civ-spouse,Husband,Male,>50K
830-83-0830,33.0,,,,Female,
377-37-7377,47.0,HS-grad,Married-civ-spouse,Husband,Male,
336-33-6336,48.0,Assoc-voc,Never-married,Own-child,Female,<=50K
082-08-2082,57.0,,Married-civ-spouse,Husband,Male,<=50K
826-82-6826,68.0,Doctorate,,,Male,>50K
476-47-6476,24.0,,,,Female,
402-40-2402,18.0,12th,Never-married,Own-child,,<=50K
048-04-8048,,,,Not-in-family,,<=50K
071-07-1071,62.0,Doctorate,Married-civ-spouse,Husband,Male,
443-44-3443,31.0,Some-college,,Unmarried,Female,<=50K
859-85-9859,20.0,9th,Never-married,Not-in-family,Male,
463-46-3463,42.0,HS-grad,,Unmarried,Female,
698-69-8698,29.0,Bachelors,Never-married,,,
799-79-9799,19.0,,Never-married,,Female,<=50K
917-91-7917,39.0,9th,Divorced,,,<=50K
549-54-9549,50.0,,,Husband,,>50K
817-81-7817,,HS-grad,Never-married,Not-in-family,,<=50K
046-04-6046,41.0,,Married-civ-spouse,Wife,,>50K
069-06-9069,64.0,,Married-civ-spouse,Husband,,
409-40-9409,33.0,1st-4th,Widowed,Other-relative,,>50K
879-87-9879,43.0,Masters,,Husband,Male,
426-42-6426,41.0,Assoc-acdm,Married-civ-spouse,Husband,,<=50K
533-53-3533,22.0,9th,Married-AF-spouse,Husband,Male,
125-12-5125,18.0,,Never-married,,Male,<=50K
246-24-6246,41.0,,Married-civ-spouse,Husband,,
646-64-6646,77.0,Assoc-voc,Never-married,Not-in-family,,<=50K
525-52-5525,30.0,Assoc-voc,,,,<=50K
485-48-5485,23.0,Some-college,Never-married,Unmarried,Female,
539-53-9539,,HS-grad,Married-civ-spouse,Husband,Male,>50K
358-35-8358,29.0,Some-college,,Husband,,<=50K
150-15-0150,22.0,HS-grad,Never-married,Own-child,,
909-90-9909,20.0,Some-college,Never-married,Own-child,,<=50K
958-95-8958,51.0,5th-6th,Married-civ-spouse,Husband,Male,
922-92-2922,85.0,Bachelors,,,Male,<=50K
296-29-6296,21.0,Masters,Never-married,Own-child,Female,<=50K
727-72-7727,31.0,HS-grad,Never-married,Own-child,Male,<=50K
017-01-7017,29.0,5th-6th,Divorced,Own-child,Male,<=50K
499-49-9499,28.0,HS-grad,Widowed,Wife,,
858-85-8858,62.0,7th-8th,Widowed,Not-in-family,,
092-09-2092,36.0,5th-6th,Never-married,Not-in-family,,<=50K
665-66-5665,31.0,,Married-civ-spouse,Husband,,
633-63-3633,84.0,Preschool,Widowed,Husband,Male,
903-90-3903,29.0,Bachelors,Married-civ-spouse,,,<=50K
740-74-0740,29.0,,,Wife,Female,>50K
555-55-5555,64.0,,Married-civ-spouse,Other-relative,Female,<=50K
737-73-7737,45.0,Bachelors,Married-civ-spouse,Husband,Male,
352-35-2352,41.0,HS-grad,Married-civ-spouse,Husband,,<=50K
554-55-4554,,HS-grad,Married-civ-spouse,Husband,Male,
827-82-7827,34.0,10th,Married-civ-spouse,Not-in-family,Male,
765-76-5765,18.0,,Never-married,Not-in-family,Male,>50K
551-55-1551,44.0,,Divorced,Unmarried,Female,<=50K
124-12-4124,30.0,HS-grad,Married-spouse-absent,Not-in-family,Male,<=50K
685-68-5685,21.0,,Married-civ-spouse,Husband,Male,<=50K
072-07-2072,62.0,Masters,Divorced,Husband,Female,
342-34-2342,62.0,Masters,Divorced,Husband,Female,
894-89-4894,32.0,,Divorced,Unmarried,Female,
701-70-1701,30.0,Some-college,Never-married,Not-in-family,,
947-94-7947,,10th,Divorced,Own-child,Female,
910-91-0910,33.0,,Married-civ-spouse,,,<=50K
197-19-7197,42.0,Bachelors,,,Female,
841-84-1841,48.0,Masters,Married-civ-spouse,Husband,Male,>50K
431-43-1431,44.0,Bachelors,Never-married,Unmarried,,
754-75-4754,55.0,1st-4th,Married-civ-spouse,Husband,Male,
624-62-4624,38.0,10th,Married-civ-spouse,Husband,Male,<=50K
673-67-3673,29.0,HS-grad,Widowed,Wife,,
550-55-0550,,Assoc-voc,Never-married,Not-in-family,Male,
751-75-1751,38.0,7th-8th,,Not-in-family,Male,<=50K
470-47-0470,21.0,7th-8th,Never-married,Own-child,,<=50K
331-33-1331,33.0,,Separated,,Female,<=50K
520-52-0520,33.0,,Never-married,Own-child,Female,<=50K
699-69-9699,43.0,Masters,,,,<=50K
311-31-1311,52.0,Masters,,Husband,Male,
161-16-1161,19.0,,,,Female,>50K
820-82-0820,63.0,Assoc-acdm,,Husband,,>50K
801-80-1801,,Assoc-voc,Never-married,,Male,>50K
195-19-5195,34.0,Preschool,Separated,Unmarried,Female,>50K
321-32-1321,,Bachelors,Married-civ-spouse,Husband,Male,<=50K
162-16-2162,42.0,Bachelors,Divorced,,,
467-46-7467,33.0,HS-grad,Married-civ-spouse,Wife,Female,>50K
636-63-6636,29.0,HS-grad,Divorced,Husband,Male,>50K
061-06-1061,30.0,Bachelors,,Husband,Male,>50K
807-80-7807,71.0,5th-6th,Never-married,Other-relative,,
963-96-3963,68.0,HS-grad,Married-civ-spouse,Husband,Male,<=50K
374-37-4374,,,Married-civ-spouse,Husband,Male,>50K
129-12-9129,42.0,Prof-school,Never-married,Not-in-family,Male,>50K
571-57-1571,58.0,,Widowed,Not-in-family,Female,<=50K
211-21-1211,32.0,HS-grad,Divorced,Not-in-family,Male,<=50K
579-57-9579,27.0,Masters,Married-civ-spouse,Husband,Male,>50K
899-89-9899,25.0,,Never-married,Own-child,Female,
453-45-3453,23.0,Assoc-acdm,Never-married,,,<=50K
573-57-3573,50.0,Bachelors,Married-civ-spouse,Husband,Male,
989-98-9989,84.0,HS-grad,,Other-relative,,
543-54-3543,38.0,Some-college,Married-civ-spouse,Husband,,
588-58-8588,40.0,Some-college,,Unmarried,Female,<=50K
269-26-9269,21.0,Some-college,Never-married,Not-in-family,Male,
340-34-0340,45.0,11th,Separated,Own-child,Male,<=50K
620-62-0620,54.0,Some-college,,Husband,,
219-21-9219,64.0,Bachelors,Married-civ-spouse,Husband,,>50K
170-17-0170,23.0,Preschool,Separated,Other-relative,Female,
578-57-8578,28.0,Bachelors,Never-married,Not-in-family,Female,
213-21-3213,28.0,,Married-civ-spouse,,Male,<=50K
486-48-6486,,,Divorced,Wife,Female,<=50K
155-15-5155,67.0,Bachelors,Married-civ-spouse,Wife,Female,
076-07-6076,24.0,Some-college,Never-married,,,<=50K
273-27-3273,51.0,Bachelors,Married-civ-spouse,Husband,,
816-81-6816,90.0,7th-8th,Separated,Own-child,,>50K
349-34-9349,21.0,,,Own-child,,<=50K
528-52-8528,38.0,Bachelors,Married-civ-spouse,,,
375-37-5375,44.0,HS-grad,Married-civ-spouse,Husband,Male,<=50K
813-81-3813,61.0,10th,Separated,Husband,Female,<=50K
015-01-5015,29.0,,Married-civ-spouse,Husband,Male,
208-20-8208,52.0,,,Husband,,
925-92-5925,24.0,Assoc-acdm,,,,<=50K
704-70-4704,,HS-grad,,Unmarried,Male,
706-70-6706,20.0,11th,,,Male,<=50K
884-88-4884,61.0,HS-grad,,Husband,Male,
779-77-9779,,10th,Never-married,Own-child,Female,<=50K
172-17-2172,44.0,Some-college,Married-civ-spouse,Husband,Male,>50K
369-36-9369,85.0,Bachelors,Widowed,Other-relative,Male,
717-71-7717,40.0,Bachelors,Married-civ-spouse,,Male,>50K
593-59-3593,24.0,Bachelors,Never-married,,Male,
110-11-0110,,,Never-married,Not-in-family,,<=50K
670-67-0670,,Bachelors,Married-civ-spouse,,Male,<=50K
746-74-6746,51.0,Some-college,Married-civ-spouse,Husband,Male,>50K
513-51-3513,,Some-college,,,Female,<=50K
975-97-5975,32.0,,Married-civ-spouse,,,>50K
616-61-6616,,,Never-married,,Female,
762-76-2762,21.0,,,Own-child,Female,<=50K
488-48-8488,23.0,HS-grad,,,Female,<=50K
390-39-0390,,Some-college,Married-civ-spouse,Husband,Male,
689-68-9689,45.0,,Married-civ-spouse,,,
134-13-4134,20.0,HS-grad,,Own-child,Male,
832-83-2832,31.0,HS-grad,,Husband,,
054-05-4054,35.0,HS-grad,Never-married,Not-in-family,Male,
511-51-1511,46.0,Bachelors,Married-civ-spouse,Husband,Male,>50K
738-73-8738,64.0,,Married-civ-spouse,,,
019-01-9019,20.0,9th,Never-married,Not-in-family,Female,<=50K
457-45-7457,27.0,HS-grad,Never-married,Other-relative,Male,<=50K
045-04-5045,23.0,Some-college,Never-married,Own-child,Female,<=50K
589-58-9589,39.0,,Never-married,Not-in-family,Female,
250-25-0250,,Bachelors,Married-civ-spouse,Husband,,>50K
484-48-4484,30.0,,Never-married,,Male,<=50K
882-88-2882,,,Married-civ-spouse,Husband,,
316-31-6316,40.0,Bachelors,,Other-relative,,<=50K
487-48-7487,52.0,9th,Married-civ-spouse,Husband,,<=50K
410-41-0410,36.0,Some-college,,Husband,Male,
580-58-0580,56.0,11th,Widowed,,Male,
429-42-9429,24.0,Bachelors,Never-married,,Male,>50K
697-69-7697,29.0,HS-grad,Never-married,,,<=50K
131-13-1131,62.0,12th,Married-civ-spouse,,Male,
196-19-6196,34.0,,Married-civ-spouse,Wife,Female,
265-26-5265,49.0,10th,,Not-in-family,Male,<=50K
724-72-4724,44.0,Assoc-acdm,Married-civ-spouse,Husband,,
969-96-9969,27.0,,Never-married,Not-in-family,,<=50K
757-75-7757,24.0,1st-4th,Married-spouse-absent,Husband,Female,>50K
118-11-8118,61.0,7th-8th,Married-AF-spouse,Husband,Female,
288-28-8288,53.0,,,Husband,,>50K
018-01-8018,40.0,Masters,Divorced,Unmarried,Female,>50K
290-29-0290,44.0,HS-grad,Married-civ-spouse,Husband,,
721-72-1721,,Bachelors,Married-civ-spouse,Wife,,
466-46-6466,74.0,HS-grad,Married-civ-spouse,Husband,,>50K
354-35-4354,25.0,HS-grad,Married-civ-spouse,Husband,,<=50K
628-62-8628,22.0,Bachelors,,Husband,Male,<=50K
064-06-4064,40.0,Some-college,Divorced,Unmarried,,
824-82-4824,28.0,HS-grad,Married-civ-spouse,Husband,,<=50K
674-67-4674,25.0,Assoc-voc,Divorced,Not-in-family,Male,<=50K
930-93-0930,34.0,,Never-married,Own-child,,
871-87-1871,21.0,Some-college,Never-married,,Male,
295-29-5295,18.0,Preschool,Married-civ-spouse,Unmarried,Male,>50K
492-49-2492,55.0,Assoc-acdm,,Husband,,
471-47-1471,62.0,Bachelors,,Husband,Male,>50K
382-38-2382,50.0,9th,Widowed,Husband,Male,<=50K
191-19-1191,39.0,Bachelors,Divorced,Not-in-family,Female,
844-84-4844,30.0,Bachelors,Married-civ-spouse,Husband,,
085-08-5085,24.0,10th,Never-married,Not-in-family,,<=50K
301-30-1301,46.0,HS-grad,Divorced,Unmarried,,<=50K
119-11-9119,22.0,,,Unmarried,,<=50K
032-03-2032,55.0,Bachelors,Married-civ-spouse,Husband,Male,>50K
175-17-5175,27.0,Some-college,Widowed,Not-in-family,,<=50K
063-06-3063,37.0,7th-8th,Married-civ-spouse,Husband,,<=50K
023-02-3023,,,Divorced,,,
865-86-5865,51.0,,Married-civ-spouse,Husband,,
089-08-9089,34.0,11th,Widowed,Unmarried,Female,>50K
206-20-6206,,,Married-civ-spouse,Wife,Female,
912-91-2912,,HS-grad,Never-married,Wife,Male,>50K
034-03-4034,49.0,,Married-civ-spouse,Husband,Male,<=50K
843-84-3843,31.0,Assoc-acdm,Never-married,Not-in-family,Male,<=50K
116-11-6116,27.0,Assoc-acdm,Divorced,Own-child,Male,<=50K
490-49-0490,40.0,,Married-civ-spouse,Husband,Male,
995-99-5995,35.0,Assoc-acdm,Never-married,Not-in-family,Female,<=50K
784-78-4784,45.0,,Married-civ-spouse,Husband,Male,<=50K
391-39-1391,61.0,Assoc-voc,Widowed,Not-in-family,Female,
880-88-0880,50.0,HS-grad,Married-civ-spouse,Husband,,>50K
750-75-0750,56.0,9th,Married-civ-spouse,,Male,
287-28-7287,,Bachelors,Married-civ-spouse,Husband,,>50K
337-33-7337,17.0,,Never-married,Other-relative,Male,
144-14-4144,17.0,,Never-married,Not-in-family,,<=50K
883-88-3883,18.0,10th,,Own-child,,<=50K
062-06-2062,37.0,Masters,Married-civ-spouse,,,<=50K
132-13-2132,19.0,Doctorate,Never-married,Own-child,,>50K
630-63-0630,48.0,,Married-civ-spouse,Husband,Male,
275-27-5275,34.0,,Never-married,Not-in-family,Female,<=50K
661-66-1661,85.0,,Divorced,Other-relative,Male,
293-29-3293,19.0,Some-college,Never-married,Own-child,Female,
908-90-8908,29.0,,Never-married,Unmarried,Female,<=50K
598-59-8598,50.0,Assoc-voc,Married-civ-spouse,Husband,Male,<=50K
759-75-9759,29.0,Bachelors,Married-civ-spouse,Husband,,
073-07-3073,31.0,,Never-married,Not-in-family,,<=50K
407-40-7407,44.0,HS-grad,Married-civ-spouse,,Male,<=50K
988-98-8988,40.0,HS-grad,,Husband,Male,<=50K
454-45-4454,65.0,HS-grad,,,,>50K
862-86-2862,35.0,HS-grad,,Own-child,,
798-79-8798,49.0,Masters,Separated,Not-in-family,,
778-77-8778,35.0,HS-grad,Married-civ-spouse,,,<=50K
743-74-3743,30.0,Some-college,,Not-in-family,Male,
147-14-7147,34.0,,,Unmarried,Male,
691-69-1691,47.0,Bachelors,Never-married,Not-in-family,,<=50K
079-07-9079,33.0,Some-college,Married-civ-spouse,,Male,
335-33-5335,47.0,,Divorced,Unmarried,Female,<=50K
938-93-8938,57.0,HS-grad,,Unmarried,,<=50K
904-90-4904,75.0,5th-6th,Widowed,Not-in-family,,
825-82-5825,40.0,,Married-civ-spouse,Wife,Female,<=50K
326-32-6326,21.0,Bachelors,Never-married,Own-child,Female,
758-75-8758,40.0,,,Husband,Male,>50K
971-97-1971,,,Married-civ-spouse,Husband,Male,
378-37-8378,29.0,HS-grad,Never-married,,Male,<=50K
944-94-4944,34.0,HS-grad,,,Male,
818-81-8818,29.0,Preschool,Never-married,Not-in-family,,<=50K
029-02-9029,24.0,Some-college,Never-married,Own-child,Male,
007-00-7007,42.0,HS-grad,Married-civ-spouse,,Male,<=50K
121-12-1121,32.0,HS-grad,Never-married,Not-in-family,,
108-10-8108,59.0,HS-grad,,,,
932-93-2932,30.0,,Married-civ-spouse,Own-child,Male,<=50K
730-73-0730,42.0,Assoc-voc,Divorced,,,>50K
985-98-5985,22.0,,Never-married,,,<=50K
753-75-3753,24.0,Some-college,Married-spouse-absent,,Female,<=50K
272-27-2272,36.0,HS-grad,,Husband,,
363-36-3363,30.0,,Separated,Own-child,Female,
610-61-0610,22.0,HS-grad,Widowed,Not-in-family,Female,<=50K
040-04-0040,23.0,,,Husband,Male,<=50K
101-10-1101,21.0,HS-grad,,Not-in-family,Female,<=50K
755-75-5755,45.0,,Married-civ-spouse,Husband,Male,>50K
752-75-2752,54.0,10th,Married-civ-spouse,,,<=50K
253-25-3253,58.0,,Married-civ-spouse,Husband,Male,
090-09-0090,46.0,Bachelors,Married-civ-spouse,,,
839-83-9839,46.0,HS-grad,Divorced,Not-in-family,Male,<=50K
648-64-8648,56.0,10th,Divorced,Not-in-family,,<=50K
603-60-3603,32.0,Assoc-acdm,,Husband,Male,<=50K
793-79-3793,,HS-grad,,Husband,,<=50K
284-28-4284,58.0,HS-grad,Widowed,Not-in-family,Female,
002-00-2002,47.0,,Married-spouse-absent,,,<=50K
997-99-7997,27.0,,Married-civ-spouse,Husband,Male,>50K
777-77-7777,35.0,Some-college,,,Male,<=50K
037-03-7037,30.0,HS-grad,,,Male,<=50K
323-32-3323,45.0,,Divorced,Not-in-family,,<=50K
575-57-5575,45.0,,Never-married,Not-in-family,Male,<=50K
629-62-9629,39.0,Some-college,Married-civ-spouse,Husband,Male,<=50K
639-63-9639,17.0,,Never-married,Own-child,,<=50K
845-84-5845,38.0,,Married-civ-spouse,Husband,Male,
641-64-1641,68.0,Doctorate,Divorced,Husband,Female,
477-47-7477,76.0,Prof-school,Married-AF-spouse,Not-in-family,Male,>50K
720-72-0720,35.0,11th,Married-civ-spouse,Husband,,
148-14-8148,61.0,1st-4th,,Husband,Male,
672-67-2672,60.0,Some-college,Married-civ-spouse,Husband,Male,
364-36-4364,47.0,HS-grad,Married-civ-spouse,Husband,Male,>50K
542-54-2542,39.0,Bachelors,Married-civ-spouse,Husband,Male,<=50K
080-08-0080,36.0,Some-college,,Husband,Male,<=50K
568-56-8568,23.0,,Married-civ-spouse,Husband,,>50K
933-93-3933,24.0,Some-college,Never-married,Own-child,Female,
464-46-4464,22.0,Assoc-voc,Never-married,,Male,<=50K
333-33-3333,24.0,Some-college,,,Female,
794-79-4794,,HS-grad,Never-married,Not-in-family,Female,
623-62-3623,,,Married-civ-spouse,Husband,Male,
647-64-7647,19.0,11th,,Own-child,Female,<=50K
005-00-5005,,HS-grad,Married-civ-spouse,Other-relative,Male,
420-42-0420,30.0,Some-college,Never-married,,Female,<=50K
668-66-8668,78.0,,Widowed,Husband,Male,
123-12-3123,78.0,Doctorate,Married-civ-spouse,,Male,>50K
012-01-2012,,,Married-civ-spouse,Husband,Male,<=50K
652-65-2652,34.0,HS-grad,Married-civ-spouse,Husband,,>50K
095-09-5095,57.0,HS-grad,Divorced,Unmarried,,
355-35-5355,27.0,Bachelors,Married-civ-spouse,Husband,Male,>50K
965-96-5965,42.0,Some-college,Divorced,Unmarried,,<=50K
398-39-8398,40.0,Bachelors,Never-married,Other-relative,Male,
270-27-0270,30.0,,Never-married,Not-in-family,Male,
475-47-5475,19.0,Some-college,Never-married,Own-child,,<=50K
452-45-2452,46.0,Doctorate,Married-civ-spouse,Husband,Male,>50K
510-51-0510,48.0,Prof-school,Separated,Unmarried,Female,
359-35-9359,,HS-grad,Divorced,Not-in-family,Male,
036-03-6036,34.0,HS-grad,,Not-in-family,Male,<=50K
595-59-5595,62.0,HS-grad,Married-civ-spouse,,,
756-75-6756,26.0,5th-6th,Married-civ-spouse,,Male,
607-60-7607,,Prof-school,Married-civ-spouse,Husband,,
950-95-0950,,HS-grad,Married-civ-spouse,Husband,Male,<=50K
521-52-1521,35.0,,Never-married,Not-in-family,Female,<=50K
043-04-3043,24.0,,Never-married,,Female,<=50K
016-01-6016,41.0,Some-college,Divorced,,Female,
769-76-9769,46.0,Some-college,Married-civ-spouse,,Male,<=50K
999-99-9999,36.0,Assoc-voc,Never-married,,Male,
262-26-2262,48.0,HS-grad,Married-civ-spouse,Husband,Male,
248-24-8248,47.0,10th,Married-civ-spouse,,Male,<=50K
263-26-3263,35.0,11th,Married-civ-spouse,Husband,Male,
242-24-2242,38.0,Some-college,Married-civ-spouse,Husband,,>50K
634-63-4634,31.0,HS-grad,,,,
970-97-0970,87.0,12th,Married-civ-spouse,Husband,,
438-43-8438,40.0,Preschool,Divorced,Unmarried,,>50K
953-95-3953,46.0,,Married-civ-spouse,Husband,Male,
907-90-7907,28.0,HS-grad,Married-civ-spouse,Wife,Female,
860-86-0860,,Bachelors,Married-civ-spouse,,,<=50K
708-70-8708,30.0,HS-grad,Married-civ-spouse,Husband,Male,
136-13-6136,39.0,,Never-married,Not-in-family,,
502-50-2502,18.0,Some-college,Never-married,Not-in-family,,<=50K
703-70-3703,35.0,HS-grad,Married-civ-spouse,Wife,,
582-58-2582,32.0,Bachelors,Married-civ-spouse,Husband,,
868-86-8868,35.0,Some-college,Married-civ-spouse,Husband,,
128-12-8128,51.0,Assoc-acdm,Never-married,Not-in-family,,
189-18-9189,30.0,Bachelors,Never-married,Not-in-family,Female,>50K
564-56-4564,53.0,HS-grad,Divorced,,,
836-83-6836,,,,Husband,Male,<=50K
574-57-4574,23.0,Some-college,Never-married,Other-relative,Male,<=50K
408-40-8408,41.0,,Divorced,,,
692-69-2692,18.0,,,Own-child,Male,<=50K
230-23-0230,39.0,,,,,>50K
199-19-9199,66.0,5th-6th,Married-AF-spouse,,Female,
819-81-9819,67.0,,,Wife,Female,
722-72-2722,37.0,,Never-married,Unmarried,,<=50K
030-03-0030,21.0,11th,Married-civ-spouse,,Male,<=50K
729-72-9729,63.0,Assoc-voc,,,Male,
244-24-4244,29.0,Doctorate,Divorced,Not-in-family,,
949-94-9949,39.0,Some-college,,Husband,Male,
210-21-0210,30.0,HS-grad,Married-civ-spouse,Husband,Male,
671-67-1671,38.0,,,Husband,,
771-77-1771,39.0,Some-college,Never-married,Not-in-family,Female,<=50K
201-20-1201,45.0,Some-college,Married-civ-spouse,Husband,,>50K
303-30-3303,58.0,HS-grad,Never-married,Own-child,Female,<=50K
047-04-7047,33.0,Assoc-acdm,Divorced,Not-in-family,Male,<=50K
229-22-9229,45.0,HS-grad,Married-civ-spouse,,Male,<=50K
096-09-6096,22.0,Assoc-acdm,Never-married,,,<=50K
569-56-9569,20.0,Some-college,Never-married,Own-child,Male,<=50K
373-37-3373,,,Married-civ-spouse,Husband,Male,
998-99-8998,19.0,Assoc-acdm,,Own-child,Male,<=50K
403-40-3403,37.0,Some-college,,,Female,
716-71-6716,30.0,,Never-married,Not-in-family,,
160-16-0160,44.0,Bachelors,,Own-child,,<=50K
180-18-0180,50.0,HS-grad,Married-civ-spouse,Husband,Male,
105-10-5105,41.0,Assoc-acdm,Never-married,Not-in-family,Male,
519-51-9519,48.0,HS-grad,,Not-in-family,,<=50K
761-76-1761,31.0,HS-grad,Married-civ-spouse,Husband,,
022-02-2022,43.0,Assoc-voc,Widowed,Other-relative,Female,<=50K
115-11-5115,31.0,HS-grad,,Not-in-family,,<=50K
906-90-6906,42.0,Some-college,Never-married,Not-in-family,Female,
465-46-5465,24.0,Some-college,Never-married,Own-child,Male,<=50K
967-96-7967,,1st-4th,,Wife,,
664-66-4664,24.0,Bachelors,Never-married,Not-in-family,Male,<=50K
181-18-1181,27.0,HS-grad,Never-married,,,<=50K
780-78-0780,,Assoc-voc,,,Female,
760-76-0760,24.0,,Married-civ-spouse,Husband,,>50K
576-57-6576,33.0,7th-8th,,Husband,,<=50K
227-22-7227,67.0,1st-4th,,Not-in-family,Male,<=50K
167-16-7167,36.0,11th,Married-civ-spouse,Husband,,
074-07-4074,56.0,,,Not-in-family,,<=50K
926-92-6926,51.0,,Married-civ-spouse,Wife,Female,
178-17-8178,45.0,,Never-married,Unmarried,Female,<=50K
642-64-2642,19.0,HS-grad,Never-married,Own-child,Female,<=50K
202-20-2202,56.0,HS-grad,Widowed,Unmarried,,
024-02-4024,61.0,7th-8th,Married-AF-spouse,Husband,Female,<=50K
530-53-0530,87.0,Masters,Widowed,Not-in-family,Female,>50K
905-90-5905,50.0,,,Unmarried,Female,
221-22-1221,37.0,Bachelors,Never-married,,,
209-20-9209,82.0,Prof-school,Married-spouse-absent,Own-child,Female,
223-22-3223,42.0,HS-grad,Married-civ-spouse,Husband,Male,>50K
439-43-9439,60.0,1st-4th,Married-civ-spouse,Husband,Male,
186-18-6186,52.0,Bachelors,Widowed,Unmarried,Female,<=50K
491-49-1491,65.0,HS-grad,,Husband,Male,
984-98-4984,36.0,HS-grad,Never-married,Not-in-family,Male,<=50K
601-60-1601,20.0,,Never-married,Own-child,,<=50K
617-61-7617,46.0,10th,Divorced,,Male,<=50K
182-18-2182,,Bachelors,,Husband,,>50K
924-92-4924,67.0,Doctorate,Never-married,Not-in-family,,
942-94-2942,,Some-college,Married-civ-spouse,Husband,,
742-74-2742,41.0,Bachelors,Divorced,Not-in-family,,<=50K
267-26-7267,26.0,,,Own-child,Female,<=50K
800-80-0800,40.0,HS-grad,Married-civ-spouse,Husband,,
522-52-2522,50.0,Some-college,Married-civ-spouse,Husband,Male,<=50K
372-37-2372,,HS-grad,Married-civ-spouse,Husband,,<=50K
804-80-4804,30.0,,Never-married,Own-child,,
934-93-4934,59.0,Some-college,,Unmarried,Female,<=50K
821-82-1821,35.0,HS-grad,Divorced,Unmarried,Female,
921-92-1921,28.0,Assoc-voc,Never-married,,Male,<=50K
739-73-9739,37.0,,,Husband,,
916-91-6916,54.0,Some-college,Divorced,Unmarried,,<=50K
177-17-7177,27.0,,Never-married,Own-child,Male,<=50K
702-70-2702,20.0,Masters,Never-married,Own-child,Male,
396-39-6396,43.0,7th-8th,Separated,,Male,<=50K
867-86-7867,55.0,Doctorate,Married-civ-spouse,Husband,Male,
874-87-4874,34.0,Masters,Never-married,Unmarried,Male,
788-78-8788,39.0,Masters,,,Male,<=50K
544-54-4544,,HS-grad,Never-married,Other-relative,Male,
508-50-8508,28.0,Bachelors,Never-married,Not-in-family,Male,
001-00-1001,75.0,11th,Divorced,,Female,
936-93-6936,52.0,1st-4th,Married-civ-spouse,Husband,,
828-82-8828,25.0,Bachelors,,Not-in-family,Female,
414-41-4414,46.0,Masters,Separated,Other-relative,Female,>50K
711-71-1711,22.0,HS-grad,Never-married,Unmarried,,
055-05-5055,28.0,,Married-civ-spouse,Husband,Male,
504-50-4504,51.0,HS-grad,,Husband,Male,<=50K
919-91-9919,28.0,Masters,,Not-in-family,,>50K
643-64-3643,28.0,Preschool,Never-married,Own-child,,>50K
494-49-4494,46.0,Prof-school,Separated,,Female,
911-91-1911,28.0,10th,Never-married,Own-child,,
918-91-8918,39.0,Assoc-voc,Married-civ-spouse,Husband,,
590-59-0590,18.0,,,,Male,<=50K
675-67-5675,40.0,7th-8th,Separated,,Female,<=50K
540-54-0540,38.0,12th,Widowed,Other-relative,,>50K
640-64-0640,,,Never-married,,Male,<=50K
237-23-7237,20.0,11th,,Own-child,,
179-17-9179,43.0,7th-8th,Married-spouse-absent,,Female,<=50K
400-40-0400,35.0,12th,Never-married,,Female,
038-03-8038,40.0,,Never-married,,,>50K
987-98-7987,35.0,HS-grad,,,Male,
086-08-6086,,HS-grad,Married-civ-spouse,Husband,Male,>50K
632-63-2632,37.0,Bachelors,,Husband,Male,>50K
749-74-9749,49.0,Some-college,Divorced,Not-in-family,,
065-06-5065,,9th,Never-married,,,
093-09-3093,61.0,,Divorced,Not-in-family,,<=50K
766-76-6766,32.0,Prof-school,Married-civ-spouse,Husband,Male,>50K
611-61-1611,51.0,HS-grad,,,Female,
421-42-1421,61.0,Some-college,,Not-in-family,,
803-80-3803,21.0,HS-grad,Never-married,,,
847-84-7847,64.0,Some-college,Married-civ-spouse,Husband,Male,<=50K
974-97-4974,48.0,Some-college,Divorced,Unmarried,Female,<=50K
084-08-4084,44.0,Assoc-acdm,Never-married,Not-in-family,,<=50K
732-73-2732,51.0,Some-college,Married-civ-spouse,Husband,,<=50K
217-21-7217,42.0,Preschool,Divorced,Unmarried,Female,>50K
621-62-1621,42.0,,Married-civ-spouse,Husband,Male,<=50K
512-51-2512,45.0,,Married-civ-spouse,Husband,,<=50K
450-45-0450,43.0,,Married-civ-spouse,Husband,,>50K
741-74-1741,32.0,HS-grad,,Husband,,<=50K
025-02-5025,36.0,Assoc-voc,Divorced,,Female,
787-78-7787,30.0,HS-grad,Widowed,Wife,,<=50K
625-62-5625,29.0,Prof-school,Never-married,,Male,<=50K
850-85-0850,49.0,7th-8th,,Unmarried,Male,<=50K
505-50-5505,35.0,Masters,,Own-child,Male,<=50K
423-42-3423,42.0,,Divorced,Not-in-family,,<=50K
776-77-6776,33.0,Assoc-acdm,Married-civ-spouse,,Female,
422-42-2422,36.0,,Never-married,Not-in-family,Female,<=50K
399-39-9399,,10th,Never-married,Not-in-family,,<=50K
145-14-5145,38.0,Prof-school,Divorced,Not-in-family,Female,
848-84-8848,25.0,,Married-civ-spouse,,Male,
923-92-3923,40.0,,,Husband,Male,>50K
184-18-4184,72.0,Doctorate,Married-spouse-absent,Not-in-family,,
613-61-3613,43.0,HS-grad,Divorced,Unmarried,Male,
872-87-2872,43.0,,,Husband,Male,<=50K
993-99-3993,68.0,Bachelors,Married-AF-spouse,Own-child,Male,
509-50-9509,28.0,Some-college,Divorced,Not-in-family,Female,<=50K
305-30-5305,29.0,Bachelors,,Husband,Male,>50K
112-11-2112,56.0,HS-grad,Married-civ-spouse,Husband,,>50K
159-15-9159,78.0,5th-6th,Never-married,Other-relative,,
188-18-8188,58.0,11th,Divorced,Not-in-family,,>50K
449-44-9449,40.0,Some-college,Divorced,Not-in-family,,<=50K
436-43-6436,49.0,Assoc-voc,Divorced,Not-in-family,Male,<=50K
334-33-4334,47.0,,Married-civ-spouse,,,<=50K
523-52-3523,44.0,,Married-civ-spouse,Husband,,
683-68-3683,29.0,,Married-civ-spouse,Husband,Male,
592-59-2592,28.0,Some-college,Never-married,Not-in-family,,<=50K
050-05-0050,28.0,10th,Never-married,Own-child,,>50K
437-43-7437,18.0,Doctorate,Married-civ-spouse,Unmarried,Male,
406-40-6406,,Bachelors,Divorced,Not-in-family,,
051-05-1051,59.0,Bachelors,Married-civ-spouse,,,<=50K
552-55-2552,23.0,9th,Divorced,Not-in-family,Female,
433-43-3433,47.0,HS-grad,Divorced,Unmarried,Male,<=50K
622-62-2622,83.0,Bachelors,Married-spouse-absent,Own-child,Female,
117-11-7117,33.0,,Never-married,,,<=50K
781-78-1781,33.0,,Never-married,,Female,<=50K
878-87-8878,61.0,10th,Married-civ-spouse,,,
066-06-6066,35.0,HS-grad,Married-civ-spouse,Wife,,
164-16-4164,51.0,11th,,Unmarried,Female,<=50K
139-13-9139,34.0,Assoc-acdm,Divorced,Not-in-family,Female,<=50K
027-02-7027,60.0,1st-4th,Married-civ-spouse,Husband,,
937-93-7937,42.0,HS-grad,Married-civ-spouse,Husband,Male,<=50K
011-01-1011,,HS-grad,Married-civ-spouse,Husband,Male,
980-98-0980,22.0,Some-college,Never-married,Not-in-family,Female,<=50K
100-10-0100,18.0,HS-grad,Never-married,Own-child,Male,<=50K
493-49-3493,38.0,11th,,Wife,Female,>50K
389-38-9389,22.0,,Married-civ-spouse,,Female,
458-45-8458,36.0,,Married-civ-spouse,Husband,,
891-89-1891,37.0,HS-grad,Married-civ-spouse,Husband,,<=50K
707-70-7707,28.0,,Never-married,Own-child,Male,<=50K
392-39-2392,36.0,Assoc-voc,Married-civ-spouse,Wife,,<=50K
679-67-9679,44.0,HS-grad,Divorced,,,<=50K
255-25-5255,,Bachelors,Never-married,,Female,
812-81-2812,41.0,,Married-civ-spouse,,Female,
445-44-5445,26.0,Bachelors,Never-married,Not-in-family,Female,<=50K
913-91-3913,25.0,Bachelors,Married-spouse-absent,Not-in-family,Male,
419-41-9419,35.0,Bachelors,Married-civ-spouse,Husband,Male,
586-58-6586,34.0,12th,Divorced,Unmarried,Female,<=50K
143-14-3143,30.0,Bachelors,Divorced,Unmarried,,<=50K
977-97-7977,50.0,9th,Divorced,,Female,<=50K
855-85-5855,58.0,Preschool,,Husband,Male,<=50K
915-91-5915,34.0,Bachelors,,Other-relative,,
822-82-2822,27.0,Bachelors,Never-married,Own-child,,<=50K
653-65-3653,45.0,,,Husband,,>50K
898-89-8898,32.0,Some-college,,Husband,Male,<=50K
258-25-8258,31.0,Bachelors,,,Female,>50K
171-17-1171,48.0,Bachelors,Married-civ-spouse,Husband,Male,
961-96-1961,,Masters,Separated,Not-in-family,,
365-36-5365,78.0,HS-grad,Married-civ-spouse,Husband,Male,
515-51-5515,31.0,Assoc-voc,,Not-in-family,Female,<=50K
261-26-1261,21.0,Some-college,Never-married,,Male,<=50K
404-40-4404,27.0,,Never-married,Not-in-family,,<=50K
764-76-4764,47.0,Some-college,Divorced,,,
507-50-7507,35.0,HS-grad,Married-civ-spouse,Husband,,<=50K
380-38-0380,47.0,Some-college,,Husband,,<=50K
384-38-4384,31.0,HS-grad,,Not-in-family,Female,<=50K
193-19-3193,43.0,,Never-married,Not-in-family,Male,<=50K
745-74-5745,36.0,HS-grad,Divorced,Unmarried,Female,
834-83-4834,59.0,,Divorced,Not-in-family,Female,
684-68-4684,41.0,HS-grad,,Unmarried,Female,
796-79-6796,40.0,,Never-married,Own-child,Male,<=50K
386-38-6386,39.0,Assoc-voc,Never-married,Not-in-family,,
412-41-2412,40.0,Some-college,Never-married,Not-in-family,,
026-02-6026,22.0,Assoc-voc,Never-married,Own-child,,<=50K
837-83-7837,38.0,Some-college,Married-civ-spouse,Husband,,
901-90-1901,53.0,Masters,,,Male,
174-17-4174,45.0,Preschool,Divorced,Unmarried,Female,>50K
594-59-4594,35.0,12th,Widowed,Unmarried,,<=50K
939-93-9939,,Bachelors,,Own-child,Female,
205-20-5205,60.0,Assoc-acdm,,Husband,Male,
718-71-8718,22.0,Bachelors,Never-married,Not-in-family,,
343-34-3343,69.0,Assoc-acdm,Never-married,Not-in-family,Female,
163-16-3163,,Prof-school,Never-married,Not-in-family,Female,
982-98-2982,48.0,HS-grad,Married-civ-spouse,Husband,,<=50K
890-89-0890,54.0,Doctorate,Married-spouse-absent,Wife,Female,>50K
853-85-3853,39.0,Some-college,,Husband,Male,
397-39-7397,,Bachelors,,Own-child,,
266-26-6266,29.0,,,Unmarried,,
220-22-0220,22.0,Some-college,Never-married,Own-child,Male,<=50K
368-36-8368,40.0,,,,Female,<=50K
353-35-3353,52.0,,,Husband,Male,
897-89-7897,26.0,,Married-civ-spouse,,Male,>50K
566-56-6566,45.0,HS-grad,Married-civ-spouse,Husband,Male,
637-63-7637,,Assoc-voc,,Own-child,Female,<=50K
277-27-7277,30.0,Assoc-voc,,Not-in-family,,<=50K
120-12-0120,26.0,HS-grad,Separated,Own-child,Male,<=50K
307-30-7307,59.0,HS-grad,,Not-in-family,,
498-49-8498,40.0,,Married-civ-spouse,Husband,,>50K
109-10-9109,64.0,Bachelors,Married-civ-spouse,Husband,,
153-15-3153,38.0,9th,Separated,Other-relative,Female,
468-46-8468,,HS-grad,Divorced,,,
169-16-9169,33.0,,Never-married,Not-in-family,,<=50K
395-39-5395,,Masters,Married-civ-spouse,Husband,,
538-53-8538,44.0,Some-college,Married-civ-spouse,Husband,Male,>50K
448-44-8448,70.0,11th,Never-married,Husband,Male,
257-25-7257,50.0,Bachelors,Married-civ-spouse,Husband,Male,
677-67-7677,41.0,Some-college,,Husband,Male,>50K
009-00-9009,,Some-college,,Husband,,>50K
350-35-0350,55.0,10th,,Husband,,<=50K
078-07-8078,59.0,11th,Married-civ-spouse,Husband,Male,>50K
783-78-3783,65.0,5th-6th,Married-AF-spouse,,Male,
462-46-2462,41.0,HS-grad,,Husband,,
081-08-1081,,10th,Never-married,Own-child,,>50K
344-34-4344,62.0,HS-grad,Married-AF-spouse,Wife,,>50K
268-26-8268,37.0,Bachelors,Never-married,Not-in-family,Male,
644-64-4644,44.0,HS-grad,Married-civ-spouse,Husband,Male,>50K
233-23-3233,37.0,HS-grad,Married-civ-spouse,Husband,Male,
838-83-8838,60.0,11th,Divorced,Not-in-family,,<=50K
928-92-8928,18.0,HS-grad,,Own-child,Female,<=50K
087-08-7087,30.0,HS-grad,Never-married,Not-in-family,,
914-91-4914,32.0,,Married-civ-spouse,,Male,
962-96-2962,33.0,Some-college,,Wife,Female,
895-89-5895,20.0,,,,Female,
097-09-7097,50.0,,Married-civ-spouse,Husband,Male,
140-14-0140,34.0,HS-grad,Married-civ-spouse,,,>50K
289-28-9289,24.0,,Never-married,Not-in-family,Male,<=50K
596-59-6596,55.0,Bachelors,,,Male,
791-79-1791,57.0,Masters,,Unmarried,,<=50K
252-25-2252,54.0,HS-grad,Divorced,,Male,
183-18-3183,88.0,Masters,Never-married,Wife,Male,
149-14-9149,25.0,HS-grad,Never-married,Not-in-family,,
142-14-2142,42.0,HS-grad,,Other-relative,Female,
990-99-0990,60.0,HS-grad,Divorced,Not-in-family,Female,<=50K
806-80-6806,23.0,Bachelors,,Not-in-family,Female,
831-83-1831,49.0,HS-grad,Married-civ-spouse,Husband,,<=50K
280-28-0280,57.0,1st-4th,Never-married,Other-relative,Male,<=50K
866-86-6866,39.0,,Divorced,Unmarried,Female,<=50K
434-43-4434,,Assoc-acdm,Married-civ-spouse,Husband,Male,<=50K
328-32-8328,,HS-grad,Divorced,Own-child,,<=50K
567-56-7567,27.0,Some-college,Married-civ-spouse,Husband,,
310-31-0310,,HS-grad,Married-civ-spouse,Husband,,>50K
479-47-9479,46.0,,Married-civ-spouse,Husband,Male,
774-77-4774,79.0,Bachelors,Married-spouse-absent,,,>50K
887-88-7887,23.0,HS-grad,Married-civ-spouse,Husband,Male,
792-79-2792,38.0,HS-grad,Divorced,Husband,Female,<=50K
456-45-6456,32.0,,Divorced,Own-child,,<=50K
130-13-0130,42.0,HS-grad,Married-civ-spouse,Husband,Male,<=50K
627-62-7627,22.0,,Never-married,,Female,>50K
141-14-1141,47.0,,Divorced,Unmarried,Female,
609-60-9609,59.0,HS-grad,Divorced,,,
797-79-7797,,HS-grad,Widowed,Other-relative,,<=50K
957-95-7957,26.0,,Never-married,Not-in-family,Male,<=50K
218-21-8218,32.0,Some-college,Never-married,Own-child,Female,<=50K
651-65-1651,70.0,Prof-school,Never-married,,Female,
531-53-1531,46.0,HS-grad,Widowed,Other-relative,,
276-27-6276,55.0,Some-college,Married-civ-spouse,Husband,,
304-30-4304,44.0,,,,Female,
347-34-7347,23.0,10th,Never-married,Not-in-family,Female,
215-21-5215,44.0,Masters,Married-civ-spouse,Husband,,
052-05-2052,,,Married-civ-spouse,Husband,Male,>50K
281-28-1281,72.0,Assoc-voc,Widowed,Not-in-family,,<=50K
300-30-0300,35.0,,Married-civ-spouse,,Male,
075-07-5075,22.0,,,Not-in-family,Male,>50K
152-15-2152,,5th-6th,Never-married,Not-in-family,,<=50K
602-60-2602,42.0,,,Not-in-family,,
068-06-8068,51.0,,Separated,,Female,
678-67-8678,42.0,Some-college,Never-married,,,<=50K
960-96-0960,37.0,11th,Married-civ-spouse,,Male,<=50K
556-55-6556,32.0,Prof-school,,Not-in-family,Male,
057-05-7057,,HS-grad,Divorced,,,>50K
028-02-8028,43.0,,Divorced,,,>50K
231-23-1231,57.0,HS-grad,Widowed,Unmarried,,<=50K
176-17-6176,41.0,HS-grad,Married-civ-spouse,Husband,Male,<=50K
308-30-8308,35.0,Some-college,Married-civ-spouse,Husband,,<=50K
192-19-2192,62.0,12th,Married-civ-spouse,Husband,Male,
240-24-0240,22.0,Some-college,Never-married,,Female,
873-87-3873,21.0,,,Husband,Male,>50K
529-52-9529,65.0,Some-college,Never-married,Not-in-family,,<=50K
581-58-1581,25.0,Some-college,,Other-relative,Female,<=50K
348-34-8348,74.0,Assoc-voc,Widowed,Wife,,
298-29-8298,21.0,HS-grad,,,Male,
432-43-2432,45.0,HS-grad,Married-civ-spouse,Husband,,>50K
254-25-4254,30.0,Some-college,Never-married,Not-in-family,Female,<=50K
099-09-9099,31.0,Some-college,Never-married,,,<=50K
695-69-5695,33.0,HS-grad,Never-married,,,
835-83-5835,51.0,,,Husband,Male,>50K
317-31-7317,53.0,Assoc-voc,Married-civ-spouse,Husband,Male,<=50K
405-40-5405,26.0,HS-grad,Never-married,Not-in-family,Male,
137-13-7137,59.0,Assoc-acdm,Married-civ-spouse,Husband,Male,<=50K
330-33-0330,,Some-college,Never-married,Not-in-family,Male,<=50K
251-25-1251,52.0,Some-college,Married-civ-spouse,Husband,Male,<=50K
351-35-1351,23.0,Assoc-voc,Never-married,Own-child,Male,
224-22-4224,35.0,,,Husband,Male,<=50K
810-81-0810,20.0,,Never-married,Own-child,Female,
945-94-5945,42.0,Preschool,Married-civ-spouse,Husband,,<=50K
114-11-4114,24.0,Some-college,Never-married,,,<=50K
649-64-9649,26.0,HS-grad,Never-married,,Male,
546-54-6546,44.0,Bachelors,,Not-in-family,,<=50K
041-04-1041,85.0,Preschool,Widowed,Husband,Male,
786-78-6786,29.0,Some-college,Married-civ-spouse,Husband,,<=50K
003-00-3003,84.0,Some-college,Married-AF-spouse,Other-relative,Male,>50K
370-37-0370,46.0,Bachelors,Married-civ-spouse,Husband,Male,<=50K
401-40-1401,25.0,5th-6th,Married-spouse-absent,Own-child,Female,<=50K
318-31-8318,21.0,,Never-married,Not-in-family,Male,
662-66-2662,30.0,,,Not-in-family,Male,<=50K
789-78-9789,36.0,11th,Married-civ-spouse,,Male,
102-10-2102,56.0,HS-grad,Divorced,Unmarried,,<=50K
239-23-9239,41.0,Some-college,,,Male,
226-22-6226,86.0,HS-grad,,Not-in-family,,<=50K
931-93-1931,55.0,1st-4th,Widowed,,Female,
165-16-5165,42.0,12th,Married-civ-spouse,Wife,,>50K
541-54-1541,33.0,11th,Never-married,Not-in-family,Male,>50K
388-38-8388,36.0,,Never-married,Own-child,Female,
309-30-9309,28.0,HS-grad,,Husband,Male,
489-48-9489,31.0,,,,Female,<=50K
360-36-0360,89.0,12th,Married-civ-spouse,Husband,,<=50K
416-41-6416,40.0,Bachelors,Married-civ-spouse,Husband,,
726-72-6726,,Some-college,Married-civ-spouse,Husband,Male,>50K
815-81-5815,52.0,,,Not-in-family,,<=50K
501-50-1501,44.0,,Married-civ-spouse,Wife,Female,
559-55-9559,86.0,Some-college,Widowed,Own-child,Male,<=50K
107-10-7107,21.0,Bachelors,Never-married,Other-relative,Male,
059-05-9059,62.0,HS-grad,Widowed,Husband,Male,
411-41-1411,51.0,11th,Widowed,Not-in-family,Female,<=50K
442-44-2442,44.0,10th,Married-civ-spouse,Husband,Male,<=50K
829-82-9829,,Bachelors,,Husband,Male,
103-10-3103,,,Married-civ-spouse,,,<=50K
194-19-4194,47.0,Bachelors,Married-civ-spouse,Husband,,
785-78-5785,36.0,Assoc-voc,Married-civ-spouse,,,<=50K
049-04-9049,,,Married-civ-spouse,,,
393-39-3393,63.0,Bachelors,Married-civ-spouse,Husband,Male,<=50K
472-47-2472,23.0,Some-college,Never-married,Own-child,Female,<=50K
430-43-0430,47.0,Bachelors,Married-civ-spouse,Husband,,
339-33-9339,42.0,Bachelors,Divorced,Unmarried,,<=50K
060-06-0060,18.0,Some-college,Never-married,Own-child,Male,
941-94-1941,69.0,,,,Male,<=50K
570-57-0570,20.0,HS-grad,Never-married,Not-in-family,Female,<=50K
920-92-0920,76.0,,Widowed,,Male,<=50K
020-02-0020,31.0,,Married-civ-spouse,Husband,Male,<=50K
302-30-2302,,Bachelors,,Husband,,>50K
158-15-8158,32.0,,Divorced,Unmarried,Female,<=50K
053-05-3053,22.0,,Never-married,Not-in-family,Female,>50K
260-26-0260,38.0,7th-8th,,Husband,,
734-73-4734,35.0,HS-grad,,Husband,,>50K
212-21-2212,35.0,Bachelors,Married-civ-spouse,,Male,
216-21-6216,50.0,Prof-school,Divorced,Not-in-family,Female,<=50K
763-76-3763,30.0,,Never-married,,Female,
446-44-6446,,5th-6th,Married-civ-spouse,Wife,,<=50K
976-97-6976,32.0,HS-grad,Never-married,Not-in-family,Female,
736-73-6736,21.0,Some-college,,Not-in-family,,
728-72-8728,32.0,HS-grad,Never-married,Other-relative,,<=50K
694-69-4694,60.0,11th,Married-civ-spouse,,Male,
978-97-8978,29.0,Bachelors,Married-civ-spouse,Wife,,
106-10-6106,,Some-college,Married-civ-spouse,Husband,,>50K
010-01-0010,57.0,,Divorced,Unmarried,,
245-24-5245,26.0,Bachelors,Married-civ-spouse,,Male,
667-66-7667,28.0,Bachelors,Never-married,Unmarried,Female,<=50K
207-20-7207,33.0,,,Husband,Male,>50K
772-77-2772,23.0,,,Other-relative,Female,
474-47-4474,35.0,,Married-civ-spouse,Husband,Male,
688-68-8688,,Bachelors,Divorced,Not-in-family,Male,<=50K
294-29-4294,39.0,,Married-civ-spouse,,,
299-29-9299,29.0,HS-grad,,,Female,<=50K
361-36-1361,55.0,HS-grad,Married-civ-spouse,Husband,Male,<=50K
735-73-5735,36.0,Some-college,Never-married,Not-in-family,Female,<=50K
234-23-4234,24.0,Bachelors,Never-married,Own-child,Female,
805-80-5805,24.0,Masters,Married-civ-spouse,,,
312-31-2312,44.0,HS-grad,Married-civ-spouse,Husband,Male,<=50K
902-90-2902,59.0,,Never-married,Husband,Female,
840-84-0840,,Bachelors,,,Male,
747-74-7747,41.0,HS-grad,Married-AF-spouse,Other-relative,Male,<=50K
802-80-2802,40.0,Some-college,Divorced,,Female,
156-15-6156,45.0,,Married-civ-spouse,Husband,Male,
856-85-6856,40.0,Some-college,Never-married,Own-child,,<=50K
893-89-3893,33.0,,Never-married,Not-in-family,,<=50K
981-98-1981,55.0,Bachelors,,Not-in-family,,<=50K
991-99-1991,74.0,Doctorate,Never-married,Not-in-family,Female,
146-14-6146,,HS-grad,Never-married,Not-in-family,Male,
320-32-0320,45.0,Some-college,Never-married,Not-in-family,,<=50K
714-71-4714,33.0,Preschool,Married-spouse-absent,,Female,<=50K
676-67-6676,36.0,Bachelors,Married-civ-spouse,Wife,Female,
324-32-4324,43.0,5th-6th,Divorced,Unmarried,Female,
619-61-9619,86.0,Masters,Widowed,Husband,Male,
929-92-9929,17.0,Bachelors,Widowed,Own-child,,
496-49-6496,31.0,Assoc-voc,Widowed,Wife,,
561-56-1561,62.0,HS-grad,Married-civ-spouse,,Male,
297-29-7297,40.0,HS-grad,Divorced,Not-in-family,,
362-36-2362,34.0,Some-college,Married-civ-spouse,Wife,,>50K
946-94-6946,38.0,Bachelors,Married-civ-spouse,Wife,Female,>50K
394-39-4394,34.0,Assoc-voc,Married-civ-spouse,Husband,Male,>50K
875-87-5875,30.0,Assoc-voc,Divorced,,Female,<=50K
770-77-0770,46.0,HS-grad,Separated,Not-in-family,,<=50K
782-78-2782,83.0,7th-8th,,Other-relative,,<=50K
851-85-1851,,HS-grad,,Not-in-family,,
560-56-0560,27.0,,,Own-child,Female,
583-58-3583,17.0,Bachelors,Widowed,Own-child,Male,<=50K
327-32-7327,23.0,10th,,Other-relative,Female,<=50K
645-64-5645,26.0,Bachelors,Never-married,,,<=50K
591-59-1591,49.0,,Married-civ-spouse,Own-child,Male,<=50K
379-37-9379,49.0,Some-college,Divorced,Not-in-family,,<=50K
319-31-9319,30.0,,Never-married,Not-in-family,Female,
190-19-0190,36.0,,Divorced,,,<=50K
338-33-8338,31.0,,Divorced,Not-in-family,Male,<=50K
122-12-2122,43.0,Assoc-acdm,,Husband,Male,
659-65-9659,55.0,Bachelors,Married-civ-spouse,Husband,Male,
700-70-0700,41.0,Assoc-acdm,Separated,,Female,<=50K
271-27-1271,32.0,Bachelors,Never-married,,,
744-74-4744,63.0,11th,,Husband,Male,<=50K
719-71-9719,,,,Not-in-family,Male,<=50K
314-31-4314,29.0,Masters,Married-civ-spouse,Husband,Male,>50K
459-45-9459,,HS-grad,Married-civ-spouse,Husband,,<=50K
526-52-6526,,HS-grad,Married-civ-spouse,,Male,
282-28-2282,61.0,Doctorate,Married-civ-spouse,Husband,,
168-16-8168,42.0,HS-grad,,,Male,
656-65-6656,45.0,HS-grad,Married-civ-spouse,Husband,Male,>50K
654-65-4654,47.0,5th-6th,Separated,,Female,
517-51-7517,19.0,12th,Widowed,Own-child,Male,<=50K
808-80-8808,54.0,Some-college,Never-married,Not-in-family,Female,<=50K
951-95-1951,50.0,Masters,,Not-in-family,Female,<=50K
973-97-3973,26.0,HS-grad,Married-civ-spouse,Wife,,<=50K
518-51-8518,24.0,Bachelors,Never-married,Not-in-family,,
481-48-1481,59.0,1st-4th,Married-AF-spouse,Unmarried,Female,
811-81-1811,46.0,9th,Divorced,Other-relative,Male,<=50K
088-08-8088,,,Never-married,Other-relative,,<=50K
994-99-4994,27.0,Some-college,Married-civ-spouse,,Male,<=50K
329-32-9329,60.0,10th,Married-civ-spouse,Own-child,Male,<=50K
428-42-8428,20.0,HS-grad,Never-married,,Male,
424-42-4424,23.0,,Never-married,Unmarried,,<=50K
565-56-5565,41.0,,Married-civ-spouse,Husband,,>50K
357-35-7357,36.0,,Married-civ-spouse,Wife,Female,<=50K
413-41-3413,38.0,Assoc-acdm,Married-civ-spouse,Husband,,>50K
767-76-7767,31.0,,Separated,,Female,<=50K
042-04-2042,53.0,,,Husband,,<=50K
203-20-3203,22.0,,,Not-in-family,Male,
232-23-2232,45.0,HS-grad,Married-civ-spouse,Husband,Male,
306-30-6306,41.0,,Never-married,Not-in-family,,<=50K
187-18-7187,,,Married-civ-spouse,,,<=50K
870-87-0870,71.0,,Married-civ-spouse,Husband,,>50K
185-18-5185,36.0,Bachelors,Married-civ-spouse,Husband,Male,>50K
992-99-2992,35.0,,Never-married,Not-in-family,Male,
612-61-2612,59.0,Assoc-voc,Married-civ-spouse,,Male,<=50K
986-98-6986,44.0,Some-college,Married-civ-spouse,Husband,,<=50K
563-56-3563,33.0,HS-grad,Married-civ-spouse,Husband,,
441-44-1441,61.0,,,Husband,,<=50K
709-70-9709,51.0,Bachelors,Divorced,Unmarried,Female,>50K
200-20-0200,23.0,,Never-married,Not-in-family,Female,
371-37-1371,,,Never-married,Not-in-family,,
341-34-1341,49.0,Prof-school,Married-spouse-absent,Unmarried,Female,
021-02-1021,26.0,HS-grad,Never-married,Not-in-family,Female,<=50K
228-22-8228,50.0,,Divorced,Unmarried,Female,
886-88-6886,37.0,HS-grad,Married-civ-spouse,,,
863-86-3863,33.0,,,Husband,,>50K
663-66-3663,27.0,Bachelors,Never-married,,Male,
435-43-5435,36.0,Bachelors,Married-civ-spouse,Husband,Male,
259-25-9259,34.0,HS-grad,Married-civ-spouse,Husband,Male,<=50K
655-65-5655,56.0,Prof-school,,Husband,Male,>50K
285-28-5285,42.0,Masters,,Not-in-family,Female,<=50K
857-85-7857,31.0,,,Not-in-family,Male,
885-88-5885,22.0,,Never-married,Own-child,Male,
008-00-8008,32.0,Some-college,,,,<=50K
833-83-3833,,Some-college,Married-civ-spouse,,Male,>50K
731-73-1731,,HS-grad,Married-civ-spouse,Husband,Male,
606-60-6606,17.0,9th,Never-married,Own-child,Female,
795-79-5795,49.0,,Married-civ-spouse,Husband,,<=50K
236-23-6236,46.0,,Divorced,Not-in-family,,
614-61-4614,55.0,HS-grad,Divorced,Not-in-family,Male,<=50K
383-38-3383,37.0,,Divorced,Not-in-family,Female,<=50K
241-24-1241,38.0,Some-college,Separated,Other-relative,Female,
604-60-4604,,HS-grad,Married-AF-spouse,Wife,,<=50K
035-03-5035,78.0,Masters,,Husband,Male,>50K
469-46-9469,62.0,Preschool,,,,>50K
979-97-9979,27.0,Masters,,Wife,Female,
098-09-8098,55.0,Some-college,Married-civ-spouse,Husband,,
225-22-5225,37.0,,Divorced,,Female,
600-60-0600,34.0,10th,Widowed,Other-relative,Male,<=50K
444-44-4444,23.0,,Never-married,,Female,>50K
658-65-8658,36.0,Some-college,,Husband,Male,
313-31-3313,21.0,Some-college,Never-married,Own-child,,<=50K
461-46-1461,30.0,Some-college,Married-civ-spouse,Husband,,
775-77-5775,,HS-grad,Divorced,Not-in-family,,
876-87-6876,,Bachelors,Never-married,Own-child,Male,
376-37-6376,35.0,,Married-civ-spouse,,,<=50K
387-38-7387,50.0,Bachelors,,,Male,<=50K
356-35-6356,36.0,Bachelors,Never-married,Unmarried,Male,<=50K
605-60-5605,34.0,10th,Never-married,Own-child,Female,<=50K
553-55-3553,43.0,11th,Separated,,,
852-85-2852,17.0,HS-grad,,Other-relative,Male,
524-52-4524,31.0,HS-grad,Never-married,,,
455-45-5455,37.0,Bachelors,Never-married,,Male,>50K
214-21-4214,42.0,Assoc-voc,Married-civ-spouse,Husband,Male,>50K
006-00-6006,29.0,,Widowed,Wife,,>50K
618-61-8618,51.0,HS-grad,,Husband,Male,
044-04-4044,55.0,,Married-civ-spouse,Not-in-family,Male,<=50K
138-13-8138,76.0,Preschool,Married-civ-spouse,Husband,Male,<=50K
715-71-5715,51.0,Bachelors,Widowed,Other-relative,,<=50K
425-42-5425,83.0,,Married-civ-spouse,Wife,Female,
127-12-7127,42.0,HS-grad,,Husband,,>50K
381-38-1381,77.0,5th-6th,Married-spouse-absent,Other-relative,Male,
332-33-2332,18.0,11th,Never-married,,,
243-24-3243,29.0,,Married-civ-spouse,Husband,,
000-00-0000,44.0,Some-college,,Unmarried,Female,<=50K
